{"cameraMode":{"drawMode":0,"name":"Shaded","section":"Shading Mode"},"sceneLighting":true,"audioPlay":false,"sceneViewState":{"m_AlwaysRefresh":false,"showFog":true,"showSkybox":true,"showFlares":true,"showImageEffects":true,"showParticleSystems":true,"showVisualEffectGraphs":true,"m_FxEnabled":true},"in2DMode":false,"pivot":{"x":101.1672592163086,"y":4.846093654632568,"z":-95.44742584228516},"rotation":{"x":0.06825127452611923,"y":-0.05235322564840317,"z":0.0035830975975841285,"w":0.9962940216064453},"size":5.675640106201172,"orthographic":true}